{"train_losses": [126.52604908654185, 29.95953352162332, 16.181255051583953, 13.176538077267734, 11.597044282790387, 10.780868896932313, 10.004876133167382, 9.543724117857037, 9.403570931969266, 9.0557247644121, 9.012587268244136, 8.733173289985368, 8.60262637607979, 8.34033553347443, 8.273394480799183, 8.066315942641461, 7.8378869557019435, 7.716334395336382, 7.619118182045041, 7.4775049252943555, 7.322100347190192, 7.101734115318819, 7.080500720125256, 6.875062951084339, 6.729531029408628, 6.706367912617597, 6.510438714515079, 6.463826454047001, 6.389198092800198, 6.434225817521413, 6.306190390478481, 6.1974806663664905, 6.211139522267111, 6.125744873375604, 6.059669693311055, 6.028819677053076, 6.0358661020343956, 5.929784243757075, 5.843332387281187, 5.798395668015336, 5.732392936041861, 5.724513980926889, 5.728371850468895, 5.648101893789841, 5.715658654769261, 5.627655442465436, 5.7336982168031465, 5.587616153738716, 5.609543251268791, 5.62689796135281], "val_losses": [40.697869348765046, 7.4821850792134175, 3.567273450046963, 3.0718163615121594, 2.0178275537705295, 2.3695286156402693, 2.7381140130277024, 2.049718516859936, 1.8293287844368555, 1.9995510532122236, 1.5838153783527742, 1.8631255256224835, 1.9578572144939612, 1.6885421066500546, 1.979584852874103, 2.1194513607519228, 1.639763487761054, 1.6172234735903979, 1.6292039210043978, 1.8228813400345347, 1.6151378643158059, 1.4763626465854809, 1.5689093543033759, 1.6784812917498095, 1.5443727418835929, 1.5918052395335422, 1.5276813319857985, 1.6159837662449315, 1.6329693990243308, 1.5141496869776347, 1.652853860178496, 1.5560179984090452, 1.545457082431243, 1.5698199036653164, 1.6033410757593192, 1.445115878311593, 1.518222898870373, 1.4846110547132865, 1.461928993177787, 1.6284452288428548, 1.5270266503276717, 1.6251550090405975, 1.7898410061609067, 1.7091010650776244, 1.5793816909776262, 1.4707533059804663, 1.4890439729407046, 1.4645611963915959, 1.9664638838255823, 1.543457979252979], "val_loss": 1.543457979252979, "test_loss": 1.366619305275535}