{"train_losses": [0.9636491863958297, 0.9271846490521585, 0.9287085706187833, 0.9322041234662456, 0.9306677368379408, 0.9264834600110208, 0.926278696906182, 0.9297961438855817, 0.927835310659101, 0.9240038567973722, 0.9262741035030734, 0.9226427001337851, 0.9281390943834859, 0.9254655318875467, 0.9275273296140856, 0.9270511211887482, 0.9268421261541305, 0.9235531533918073, 0.9255147057194864, 0.9270772337913513, 0.9266111197010163, 0.9272614544437777, 0.9256862671144547, 0.9261495509455281, 0.9242834967951621, 0.9265126739778826, 0.922198320588758, 0.9247128905788544, 0.9238285672280097, 0.9240204711114207, 0.9215174567314887, 0.9238925230118537, 0.9241044617468311, 0.9243799640286353, 0.9256500774814237, 0.9252073572527978, 0.9229512022387597, 0.9231784843629406, 0.9230560602680329, 0.9198594093322754, 0.9191481817153192, 0.9135144525958646, 0.9063829856534158, 0.8955799456565611, 0.9123959733593848, 0.8974707780345794, 0.8671778421248159, 0.8451752143521463, 0.8413706402624807, 0.8294784561280282], "val_losses": [0.9307087409608769, 0.9276143526131252, 0.9275127220547424, 0.9274840260732848, 0.9272544083167922, 0.9271936686533802, 0.9274738047904564, 0.9270550099746236, 0.9268224672326502, 0.9268359491285288, 0.9265507820923373, 0.9268194484823155, 0.9263327367744356, 0.9262941209775097, 0.9261120106532889, 0.9259308520353066, 0.9258851619823923, 0.9259346417098675, 0.9256402623822104, 0.9253750897522243, 0.9258677317005284, 0.9252892220919987, 0.9249837803390791, 0.9251635355769463, 0.924716555566158, 0.9245629600196514, 0.9244531775420567, 0.9243196105619647, 0.9243777537683271, 0.9237880434067745, 0.9235602184286658, 0.9234461163012486, 0.9232740414873609, 0.9228539520980052, 0.923725000811073, 0.9219368090325931, 0.9215888870212267, 0.9205806425438737, 0.9199812758081364, 0.9192167373620114, 0.9176133748776508, 0.9175250114837907, 0.8906894338159066, 0.9134635650464948, 0.9122703082437785, 0.8636132924343055, 0.8450209059102355, 0.8320126441430371, 0.8263733878309997, 0.8150125867775027], "val_loss": 0.8150125867775027, "val_acc": 0.6626363904452963, "test_loss": 0.7949692939148575, "test_acc": 0.6536082474226804}